scenarios,time_steps,repeats,block_size,queue_capacity_requested,queue_capacity_resolved,workers_requested,workers_used,metrics_median_seconds,metrics_scenarios_per_second,unobserved_median_seconds,unobserved_scenarios_per_second,metrics_throughput_loss_percent,metrics_speedup,metrics_parallel_efficiency,unobserved_speedup,unobserved_parallel_efficiency,cpu_utilization_percent,price,standard_error,block_compute_p50_ns,block_compute_p95_ns,block_compute_p99_ns,block_commit_p50_ns,block_commit_p95_ns,block_commit_p99_ns,assignment_queue_peak,completion_queue_peak,scheduler_blocked_ns,coordinator_blocked_ns,coordinator_consume_ns,coordinator_blocks_per_second,max_reduction_backlog_blocks,max_reduction_backlog_bytes
5000000,1,3,512,0,2,1,1,0.290485250,17212577.919188671,0.292393667,17100233.569696296,-0.656975526,1.000000000,1.000000000,1.000000000,1.000000000,113.850875389,10.444555390,0.006578653,28125.000000000,29208.000000000,41958.000000000,21666.000000000,41708.000000000,44500.000000000,2.000000000,2.000000000,289017838.000000000,278171279.000000000,10353642.000000000,943242.967064150,9766,390640
5000000,1,3,512,0,4,2,2,0.159083167,31430100.960964650,0.155085709,32240236.913125247,2.512810171,1.825996147,0.912998074,1.885368219,0.942684110,221.651986599,10.444555390,0.006578653,30041.000000000,32334.000000000,45166.000000000,10333.000000000,25583.000000000,51750.000000000,4.000000000,4.000000000,157235413.000000000,146326918.000000000,10875960.000000000,897943.721749620,9766,390640
5000000,1,3,512,0,8,4,4,0.106257250,47055612.675840944,0.103495417,48311317.978456959,2.599194878,2.733792282,0.683448071,2.825184684,0.706296171,398.884781980,10.444555390,0.006578653,32542.000000000,65666.000000000,96750.000000000,20208.000000000,82084.000000000,127083.000000000,8.000000000,8.000000000,102495630.000000000,82766330.000000000,16307919.000000000,598850.165983778,9766,390640
5000000,1,3,512,0,16,8,8,0.114330916,43732703.059949242,0.105715042,47296958.932296507,7.535909185,2.540741036,0.317592630,2.765866252,0.345733282,460.940940944,10.444555390,0.006578653,33375.000000000,76750.000000000,115625.000000000,197708.000000000,414167.000000000,571750.000000000,16.000000000,16.000000000,110760182.000000000,37873958.000000000,19315131.000000000,505613.966584022,9766,390640
5000000,1,3,512,1,1,1,1,0.307951750,16236309.746575559,0.305100167,16388060.515220892,0.925983697,1.000000000,1.000000000,1.000000000,1.000000000,112.305905065,10.444555390,0.006578653,28334.000000000,29917.000000000,39416.000000000,21250.000000000,33250.000000000,39250.000000000,1.000000000,1.000000000,306445115.000000000,294451117.000000000,10124657.000000000,964575.886373237,9766,390640
5000000,1,3,512,1,1,2,2,0.174238500,28696298.464461070,0.173128375,28880303.416467693,0.637129567,1.767415066,0.883707533,1.762277079,0.881138540,231.584233573,10.444555390,0.006578653,30666.000000000,33000.000000000,40375.000000000,10125.000000000,22958.000000000,32666.000000000,1.000000000,1.000000000,170227758.000000000,158184244.000000000,11670761.000000000,836792.048093522,9766,390640
5000000,1,3,512,1,1,4,4,0.133575750,37431944.046730042,0.129746834,38536585.794455685,2.866475389,2.305446535,0.576361634,2.351503752,0.587875938,318.601780746,10.444555390,0.006578653,35416.000000000,37041.000000000,45708.000000000,5959.000000000,14042.000000000,38916.000000000,1.000000000,1.000000000,126020346.000000000,120889474.000000000,9834866.000000000,992997.769364626,9766,390640
5000000,1,3,512,1,1,8,8,0.135272667,36962382.060523726,0.133749334,37383363.718282141,1.126120327,2.276526048,0.284565756,2.281134103,0.285141763,314.968376411,10.444555390,0.006578653,35584.000000000,37166.000000000,46042.000000000,6000.000000000,17291.000000000,37333.000000000,1.000000000,1.000000000,126754455.000000000,122327283.000000000,9831824.000000000,993305.006273505,9766,390640
5000000,1,3,512,8,8,1,1,0.293397292,17041738.749245171,0.311340417,16059591.774748603,-6.115640972,1.000000000,1.000000000,1.000000000,1.000000000,114.279514209,10.444555390,0.006578653,28167.000000000,30459.000000000,42750.000000000,17042.000000000,41500.000000000,44500.000000000,8.000000000,3.000000000,291772319.000000000,280869746.000000000,10785732.000000000,905455.466536717,9766,390640
5000000,1,3,512,8,8,2,2,0.169635000,29475049.370707694,0.164965875,30309298.817103837,2.752453798,1.729579933,0.864789967,1.887301947,0.943650973,224.030601790,10.444555390,0.006578653,31958.000000000,33500.000000000,50791.000000000,10084.000000000,25375.000000000,67125.000000000,8.000000000,8.000000000,167407433.000000000,155340312.000000000,12161325.000000000,803037.497969999,9766,390640
5000000,1,3,512,8,8,4,4,0.109234375,45773136.890287511,0.107498000,46512493.255688481,1.589586611,2.685942882,0.671485720,2.896243809,0.724060952,411.231354599,10.444555390,0.006578653,34750.000000000,65708.000000000,98417.000000000,18000.000000000,77000.000000000,102542.000000000,8.000000000,8.000000000,105504599.000000000,85297545.000000000,17003547.000000000,574350.751640231,9766,390640
5000000,1,3,512,8,8,8,8,0.091881959,54417646.885391288,0.084997292,58825403.519914493,7.492947555,3.193198047,0.399149756,3.662945132,0.457868142,570.356721428,10.444555390,0.006578653,35375.000000000,80583.000000000,111666.000000000,41000.000000000,158334.000000000,282667.000000000,8.000000000,8.000000000,86055754.000000000,58213927.000000000,11921230.000000000,819210.769358531,9766,390640
5000000,1,3,2048,0,2,1,1,0.272664333,18337565.258306082,0.272272917,18363927.103333600,0.143552329,1.000000000,1.000000000,1.000000000,1.000000000,104.468009023,10.444555390,0.006578653,107958.000000000,119958.000000000,135750.000000000,25542.000000000,30458.000000000,41875.000000000,2.000000000,1.000000000,271950061.000000000,269022058.000000000,3089255.000000000,790481.847565190,2442,97680
5000000,1,3,2048,0,4,2,2,0.155800083,32092409.090693489,0.152773458,32728198.114099111,1.942633753,1.750091064,0.875045532,1.782200394,0.891100197,206.524683559,10.444555390,0.006578653,124667.000000000,133750.000000000,167833.000000000,10625.000000000,26125.000000000,75417.000000000,4.000000000,2.000000000,154814187.000000000,152114263.000000000,3126662.000000000,781024.619866170,2442,97680
5000000,1,3,2048,0,8,4,4,0.094721625,52786256.570239373,0.095155500,52545570.145708866,-0.458052741,2.878585888,0.719646472,2.861347132,0.715336783,414.757453749,10.444555390,0.006578653,137000.000000000,257958.000000000,307792.000000000,13083.000000000,29083.000000000,58375.000000000,8.000000000,8.000000000,93273652.000000000,88246565.000000000,5315168.000000000,459439.852136376,2442,97680
5000000,1,3,2048,0,16,8,8,0.068495500,72997496.185880825,0.068729458,72749009.602258176,-0.341566964,3.980762722,0.497595340,3.961517011,0.495189626,661.703323576,10.444555390,0.006578653,138333.000000000,348292.000000000,686958.000000000,171916.000000000,495208.000000000,761917.000000000,16.000000000,16.000000000,66446144.000000000,60382048.000000000,4750060.000000000,514098.769278704,2442,97680
5000000,1,3,2048,1,1,1,1,0.273859500,18257537.167781290,0.273555792,18277807.110002626,0.110899202,1.000000000,1.000000000,1.000000000,1.000000000,104.454656494,10.444555390,0.006578653,108375.000000000,120208.000000000,134208.000000000,25500.000000000,30417.000000000,41959.000000000,1.000000000,1.000000000,273179861.000000000,270099833.000000000,3177098.000000000,768625.959916880,2442,97680
5000000,1,3,2048,1,1,2,2,0.156129917,32024611.913423356,0.155213958,32213597.697186485,0.586664630,1.754048841,0.877024421,1.762443246,0.881221623,208.611663066,10.444555390,0.006578653,125333.000000000,132833.000000000,168042.000000000,10542.000000000,25333.000000000,55042.000000000,1.000000000,1.000000000,155296940.000000000,151979524.000000000,3325065.000000000,734421.733108977,2442,97680
5000000,1,3,2048,1,1,4,4,0.099114625,50446641.956219882,0.098771625,50621825.853325792,0.346063964,2.763058429,0.690764607,2.769578733,0.692394683,414.641930372,10.444555390,0.006578653,137542.000000000,263125.000000000,306375.000000000,15667.000000000,44875.000000000,78791.000000000,1.000000000,1.000000000,97047093.000000000,89999113.000000000,5730757.000000000,426121.714810103,2442,97680
5000000,1,3,2048,1,1,8,8,0.078070083,64045019.652406417,0.076429917,65419408.999227360,2.100889274,3.507867412,0.438483426,3.579171648,0.447396456,622.689231674,10.444555390,0.006578653,140958.000000000,280417.000000000,326333.000000000,17083.000000000,135667.000000000,276334.000000000,1.000000000,1.000000000,72282256.000000000,70511949.000000000,3489311.000000000,699851.632600247,2442,97680
5000000,1,3,2048,8,8,1,1,0.273336167,18292493.287212882,0.292519750,17092862.960535143,-7.018311265,1.000000000,1.000000000,1.000000000,1.000000000,104.359929162,10.444555390,0.006578653,107917.000000000,120625.000000000,139166.000000000,25500.000000000,30500.000000000,40959.000000000,8.000000000,1.000000000,271893496.000000000,269667634.000000000,3041381.000000000,802924.723998736,2442,97680
5000000,1,3,2048,8,8,2,2,0.156537667,31941194.064173706,0.156785250,31890755.029570706,-0.158161933,1.746136711,0.873068355,1.865735138,0.932867569,206.395557521,10.444555390,0.006578653,125500.000000000,135541.000000000,173334.000000000,10458.000000000,26333.000000000,79041.000000000,8.000000000,3.000000000,155418519.000000000,152801703.000000000,3156322.000000000,773685.321079408,2442,97680
5000000,1,3,2048,8,8,4,4,0.097843833,51101841.032740407,0.098073792,50982019.742848322,-0.235026565,2.793596271,0.698399068,2.982649534,0.745662383,414.008809007,10.444555390,0.006578653,137709.000000000,257708.000000000,327125.000000000,13125.000000000,30166.000000000,60166.000000000,8.000000000,4.000000000,96556581.000000000,91482155.000000000,5160675.000000000,473193.913586885,2442,97680
5000000,1,3,2048,8,8,8,8,0.072211917,69240649.019191667,0.071292958,70133153.964519188,1.272586352,3.785194721,0.473149340,4.103066533,0.512883317,639.700508159,10.444555390,0.006578653,140875.000000000,363333.000000000,539458.000000000,85750.000000000,314541.000000000,507792.000000000,8.000000000,8.000000000,68990504.000000000,62087367.000000000,5284362.000000000,462118.227328105,2442,97680
5000000,1,3,8192,0,2,1,1,0.267663792,18680150.806501314,0.272803334,18328221.751131531,-1.920148393,1.000000000,1.000000000,1.000000000,1.000000000,100.854134204,10.444555390,0.006578653,425167.000000000,481375.000000000,513750.000000000,25625.000000000,30916.000000000,41625.000000000,2.000000000,1.000000000,266353792.000000000,266621790.000000000,868256.000000000,703709.505030774,611,24440
5000000,1,3,8192,0,4,2,2,0.153717292,32527244.885370474,0.154177042,32430249.894144423,-0.299088017,1.741273142,0.870636571,1.769416059,0.884708029,201.289650614,10.444555390,0.006578653,501292.000000000,536750.000000000,614084.000000000,11625.000000000,23167.000000000,31959.000000000,4.000000000,2.000000000,152323126.000000000,152591906.000000000,969745.000000000,630062.542214706,611,24440
5000000,1,3,8192,0,8,4,4,0.094172333,53094150.274476051,0.094221666,53066351.002539061,-0.052385874,2.842276319,0.710569080,2.895335495,0.723833874,396.687634361,10.444555390,0.006578653,547291.000000000,1020167.000000000,1105875.000000000,13417.000000000,26583.000000000,55084.000000000,8.000000000,3.000000000,92153428.000000000,92320885.000000000,1494669.000000000,408786.159343641,611,24440
5000000,1,3,8192,0,16,8,8,0.069515916,71925974.477557063,0.076272041,65554821.064772606,-9.718817486,3.850395814,0.481299477,3.576714749,0.447089344,657.471017141,10.444555390,0.006578653,594583.000000000,1408750.000000000,3129542.000000000,12291.000000000,1378500.000000000,2110417.000000000,16.000000000,16.000000000,66689545.000000000,68073205.000000000,1154750.000000000,529118.856895432,611,24440
5000000,1,3,8192,1,1,1,1,0.269101750,18580332.532211330,0.274110083,18240846.689320799,-1.861129851,1.000000000,1.000000000,1.000000000,1.000000000,100.699873991,10.444555390,0.006578653,429875.000000000,486500.000000000,509584.000000000,25583.000000000,30917.000000000,38833.000000000,1.000000000,1.000000000,268316138.000000000,268059871.000000000,849069.000000000,719611.715891170,611,24440
5000000,1,3,8192,1,1,2,2,0.153926625,32483009.355918769,0.152165500,32858959.488188844,1.144132797,1.748246933,0.874123466,1.801394423,0.900697211,201.172463278,10.444555390,0.006578653,500875.000000000,546042.000000000,603750.000000000,11292.000000000,22458.000000000,33375.000000000,1.000000000,1.000000000,153125165.000000000,152748523.000000000,881879.000000000,692838.813488018,611,24440
5000000,1,3,8192,1,1,4,4,0.094693833,52801748.979788363,0.097476958,51294173.542018004,-2.939077353,2.841808611,0.710452153,2.812050033,0.703012508,396.271845918,10.444555390,0.006578653,546833.000000000,1021709.000000000,1109417.000000000,14792.000000000,35916.000000000,75333.000000000,1.000000000,1.000000000,93659707.000000000,92661242.000000000,1424059.000000000,429055.256839780,611,24440
5000000,1,3,8192,1,1,8,8,0.069553625,71886979.291158453,0.070257834,71166441.026348740,-1.012469156,3.868982386,0.483622798,3.901487811,0.487685976,662.411197116,10.444555390,0.006578653,689458.000000000,1140459.000000000,1294583.000000000,17916.000000000,354083.000000000,762459.000000000,1.000000000,1.000000000,63943170.000000000,66843840.000000000,1424293.000000000,428984.766477122,611,24440
5000000,1,3,8192,8,8,1,1,0.268088000,18650592.342812806,0.268916458,18593134.972795155,-0.309024649,1.000000000,1.000000000,1.000000000,1.000000000,100.934798723,10.444555390,0.006578653,429459.000000000,478375.000000000,493958.000000000,25625.000000000,31250.000000000,41750.000000000,8.000000000,1.000000000,264150043.000000000,267050951.000000000,854823.000000000,714767.852526195,611,24440
5000000,1,3,8192,8,8,2,2,0.156739875,31899987.160255168,0.156547083,31939272.863998365,0.123001246,1.710400752,0.855200376,1.717799226,0.858899613,201.452884915,10.444555390,0.006578653,504625.000000000,557250.000000000,612292.000000000,11125.000000000,19708.000000000,26584.000000000,8.000000000,2.000000000,154261133.000000000,155560784.000000000,922072.000000000,662638.058633165,611,24440
5000000,1,3,8192,8,8,4,4,0.096136708,52009269.965849049,0.095901708,52136714.812211685,0.244443569,2.788612233,0.697153058,2.804084136,0.701021034,395.681939431,10.444555390,0.006578653,549541.000000000,1026458.000000000,1232125.000000000,15834.000000000,26958.000000000,42959.000000000,8.000000000,3.000000000,94193247.000000000,94346574.000000000,1403675.000000000,435285.945820792,611,24440
5000000,1,3,8192,8,8,8,8,0.069194042,72260556.768746078,0.068340916,73162613.155492380,1.232947195,3.874437629,0.484304704,3.934926158,0.491865770,662.564271068,10.444555390,0.006578653,602166.000000000,1471209.000000000,2939708.000000000,29458.000000000,1048583.000000000,1286584.000000000,8.000000000,8.000000000,67176333.000000000,66497058.000000000,1011624.000000000,603979.344104134,611,24440
5000000,1,3,32768,0,2,1,1,0.271869625,18391168.193210255,0.267340958,18702708.471628953,1.665749530,1.000000000,1.000000000,1.000000000,1.000000000,99.695498068,10.444555390,0.006578653,1757875.000000000,1930375.000000000,2029166.000000000,22959.000000000,32125.000000000,43333.000000000,2.000000000,1.000000000,266883243.000000000,271518083.000000000,263579.000000000,580471.130097618,153,6120
5000000,1,3,32768,0,4,2,2,0.152434125,32801054.225882821,0.153321000,32611318.736507066,-0.581808699,1.783522062,0.891761031,1.743668239,0.871834119,198.587422600,10.444555390,0.006578653,2004375.000000000,2110375.000000000,2181583.000000000,11583.000000000,23625.000000000,30292.000000000,4.000000000,2.000000000,147082290.000000000,152095003.000000000,250207.000000000,611493.683230285,153,6120
5000000,1,3,32768,0,8,4,4,0.096165167,51993878.407136753,0.094435291,52946307.964466378,1.798859248,2.827111245,0.706777811,2.830943339,0.707735835,387.480358392,10.444555390,0.006578653,2213916.000000000,3777625.000000000,4139042.000000000,15250.000000000,26000.000000000,40667.000000000,8.000000000,2.000000000,88649457.000000000,95621287.000000000,364996.000000000,419182.675974531,153,6120
5000000,1,3,32768,0,16,8,8,0.068513334,72978494.959827825,0.068439541,73057181.958599046,0.107706042,3.968127212,0.496015901,3.906235403,0.488279425,654.274100863,10.444555390,0.006578653,2882625.000000000,7144208.000000000,9098417.000000000,14125.000000000,4615625.000000000,7255708.000000000,16.000000000,16.000000000,58972710.000000000,68015254.000000000,283711.000000000,539281.169922914,153,6120
5000000,1,3,32768,1,1,1,1,0.273793459,18261941.020292964,0.272208542,18368270.015567698,0.578873216,1.000000000,1.000000000,1.000000000,1.000000000,99.659548272,10.444555390,0.006578653,1775417.000000000,1917000.000000000,2027416.000000000,22375.000000000,33375.000000000,44375.000000000,1.000000000,1.000000000,270619417.000000000,273429917.000000000,268408.000000000,570027.718994963,153,6120
5000000,1,3,32768,1,1,2,2,0.156075416,32035794.798073772,0.154255375,32413781.367423989,1.166129200,1.754238214,0.877119107,1.764661633,0.882330817,198.154412632,10.444555390,0.006578653,2019750.000000000,2211583.000000000,2413250.000000000,11583.000000000,23250.000000000,37125.000000000,1.000000000,1.000000000,153219332.000000000,155615707.000000000,248621.000000000,615394.516151089,153,6120
5000000,1,3,32768,1,1,4,4,0.120868042,41367427.793692566,0.100380334,49810553.529339723,16.950475627,2.265226229,0.566306557,2.711771630,0.677942908,349.522498263,10.444555390,0.006578653,2820500.000000000,4714208.000000000,5772584.000000000,15458.000000000,330791.000000000,902250.000000000,1.000000000,1.000000000,117831461.000000000,120253252.000000000,413170.000000000,370307.621560133,153,6120
5000000,1,3,32768,1,1,8,8,0.069145792,72310980.254590183,0.068402500,73096743.540075287,1.074963463,3.959654682,0.494956835,3.979511597,0.497438950,654.726754739,10.444555390,0.006578653,2978333.000000000,4483292.000000000,4912500.000000000,30458.000000000,1098958.000000000,1876875.000000000,1.000000000,1.000000000,60592631.000000000,67222711.000000000,351457.000000000,435330.637887423,153,6120
5000000,1,3,32768,8,8,1,1,0.267837458,18668038.583311226,0.270468208,18486461.077894967,-0.982218850,1.000000000,1.000000000,1.000000000,1.000000000,99.744450233,10.444555390,0.006578653,1714166.000000000,1905833.000000000,1967375.000000000,26167.000000000,33041.000000000,40625.000000000,8.000000000,1.000000000,253129455.000000000,267484241.000000000,253838.000000000,602746.633679749,153,6120
5000000,1,3,32768,8,8,2,2,0.154433417,32376412.418563530,0.159025208,31441556.108513311,-2.973314383,1.734323200,0.867161600,1.700788267,0.850394134,198.249120468,10.444555390,0.006578653,2008292.000000000,2178583.000000000,2245000.000000000,11708.000000000,23000.000000000,37375.000000000,8.000000000,2.000000000,145272125.000000000,154084081.000000000,243711.000000000,627792.754533033,153,6120
5000000,1,3,32768,8,8,4,4,0.099478375,50262180.096930616,0.096205625,51972013.070961289,3.289910998,2.692418910,0.673104728,2.811355448,0.702838862,385.589349551,10.444555390,0.006578653,2395209.000000000,3972583.000000000,4229208.000000000,15791.000000000,29750.000000000,40167.000000000,8.000000000,3.000000000,91550583.000000000,98915002.000000000,389007.000000000,393309.117830785,153,6120
5000000,1,3,32768,8,8,8,8,0.069702042,71733909.890330032,0.069343542,72104767.881629124,0.514332134,3.842605615,0.480325702,3.900409471,0.487551184,657.241863875,10.444555390,0.006578653,3115417.000000000,6152083.000000000,9085625.000000000,13625.000000000,2602833.000000000,3446833.000000000,8.000000000,8.000000000,63573418.000000000,69228661.000000000,407289.000000000,375654.633442101,153,6120
